dataset	disease	patient_n	sample_n	tissue	clinical_endpoint	processed_phosphosite_available	total_proteome_available	patient_mapping_available	raw_only	status
PXD014997	AML	41	41	Diagnostic primary AML cells; bone marrow and/or peripheral blood	5-year relapse vs relapse-free status	NO	YES	YES (published clinical cohort metadata)	NO	DATA_NOT_ACCESSIBLE
PXD053618	FLT3-mutated AML	47	71	Diagnosis peripheral blood (37) and bone marrow (34); repeated patients	Midostaurin + intensive chemotherapy response; DFS/EFS and long-term outcome; validation cohorts	UNKNOWN	UNKNOWN	RESTRICTED (ethics approval/data-sharing agreement stated)	NO	DATA_NOT_ACCESSIBLE
PXD032110	AML (TCGA-LAML)	44	50 (44 AML + 6 healthy marrow controls)	TCGA AML bone-marrow specimens and healthy bone marrow controls	Overall survival, risk, mutation, clinical outcome via exact TCGA case-ID mapping	YES	YES	YES IF exact TCGA case IDs are present	NO	DATA_NOT_ACCESSIBLE
PXD044246	Colorectal cancer	53	54 phosphoproteome samples (within a 387-patient cohort)	Primary colorectal tumor biopsies	Post-surgery relapse / relapse-free survival (availability in phospho subset to verify)	NO	YES	UNKNOWN (patient link to phospho subset to verify)	NO	DATA_NOT_ACCESSIBLE
PXD038081	APC-mutant colorectal cancer	69	138 paired tumor/adjacent tissues	Colon tumor and paired adjacent tissue; APC-mutant subgroup n=35	Overall survival / prognosis; chemotherapy response reported	NO	YES	YES IF sample identifiers align to clinical supplement	NO	DATA_NOT_ACCESSIBLE
PXD048988	Recurrent colorectal liver metastasis	24	96 (metastasis and normal liver at initial and recurrent resections, per dataset description)	Paired initial/recurrent liver metastases and normal liver	Paired initial-to-recurrence change; prognosis in publication	NO	YES	YES IF patient-paired sample IDs are retained	NO	DATA_NOT_ACCESSIBLE
PXD005173	Colorectal cancer	20	40	Tumor and matched tumor-adjacent normal colon tissue	Paired tumor vs adjacent normal (human disease relevance only)	YES	NO/UNKNOWN (phosphoproteome submission)	YES IF pair labels are retained	NO	DATA_NOT_ACCESSIBLE
PXD034355	HER2-negative breast cancer	130	130	Pretreatment breast tumor biopsies from neoadjuvant cohort	Pathologic complete response / paclitaxel sensitivity	NO	UNKNOWN (phosphoproteomic screen)	YES IF clinical sample IDs align to pCR supplement	NO	DATA_NOT_ACCESSIBLE
PXD017660	AML	20	40 patient aliquots (paired DMSO vs selinexor; 4 cell lines excluded)	Ex-vivo primary AML blasts from blood or bone marrow	Ex-vivo selinexor EC50/response; not an in-vivo clinical endpoint	NO	UNKNOWN	YES IF patient IDs align to EC50 supplement	NO	DATA_NOT_ACCESSIBLE
